run_id,experiment_id,status,artifact_uri,start_time,end_time,metrics.roc_auc,metrics.ks_statistic,metrics.gini,metrics.brier_score,metrics.pr_auc,metrics.best_roc_auc,params.tree_method,params.colsample_bylevel,params.reg_lambda,params.min_child_weight,params.max_depth,params.reg_alpha,params.base_score,params.subsample,params.booster,params.device,params.verbosity,params.max_cat_to_onehot,params.max_cat_threshold,params.num_boost_round,params.sampling_method,params.custom_metric,params.colsample_bynode,params.monotone_constraints,params.max_leaves,params.gamma,params.validate_parameters,params.colsample_bytree,params.interaction_constraints,params.scale_pos_weight,params.n_jobs,params.num_parallel_tree,params.maximize,params.early_stopping_rounds,params.grow_policy,params.max_delta_step,params.verbose_eval,params.learning_rate,params.random_state,params.multi_strategy,params.objective,params.max_bin,params.eval_metric,params.n_estimators,params.best_reg_alpha,params.best_reg_lambda,params.best_min_child_weight,params.best_subsample,params.best_colsample_bytree,params.best_n_estimators,params.best_learning_rate,params.best_max_depth,tags.mlflow.runName,tags.mlflow.source.type,tags.mlflow.source.name,tags.mlflow.user,tags.mlflow.parentRunId
254e6b74665a41a690417f926714f963,2,FINISHED,mlflow-artifacts:/2/254e6b74665a41a690417f926714f963/artifacts,2026-08-17 11:30:15.119000+00:00,2026-08-17 11:30:40.197000+00:00,0.7695787811611443,0.40204137665183776,0.5391575623222886,0.18975737797342063,0.2574434829687216,,hist,None,0.06671576828292991,4.903980089665959,3,5.165743510506547,None,0.794726556022589,None,cuda,None,None,None,400,None,None,None,None,None,None,None,0.746660598688999,None,11.387150050352467,-1,None,None,None,None,None,True,0.10971141839786061,None,None,binary:logistic,None,auc,,,,,,,,,,final_model,NOTEBOOK,/usr/local/lib/python3.12/dist-packages/colab_kernel_launcher.py,root,
3edfd2cbb03e419aa7bfc443e000ee9c,2,FINISHED,mlflow-artifacts:/2/3edfd2cbb03e419aa7bfc443e000ee9c/artifacts,2026-08-17 11:29:56.151000+00:00,2026-08-17 11:30:11.529000+00:00,0.7696047489544847,0.40338505030818783,0.5392094979089694,0.18975737745400825,0.25777842390002226,,hist,,0.06671576828292991,4.903980089665959,3,5.165743510506547,,0.794726556022589,,cuda,,,,,,,,,,,,0.746660598688999,,,,,,,,,,0.10971141839786061,,,binary:logistic,,auc,400,,,,,,,,,final_cv_tuned,NOTEBOOK,/usr/local/lib/python3.12/dist-packages/colab_kernel_launcher.py,root,
23b53278ce7c4595bc267e0d7520dc11,2,FINISHED,mlflow-artifacts:/2/23b53278ce7c4595bc267e0d7520dc11/artifacts,2026-08-17 11:29:39.947000+00:00,2026-08-17 11:29:50.874000+00:00,0.7657318099779218,0.3975255759287211,0.5314636199558435,0.19353136950944097,0.2517449983814856,,,,0.008589573782967817,3.1235033876094698,3,4.494502274220753,,0.8752803754953867,,,,,,,,,,,,,,0.8224048112315694,,,,,,,,,,0.03787814591649874,,,,,,550,,,,,,,,,trial_49,NOTEBOOK,/usr/local/lib/python3.12/dist-packages/colab_kernel_launcher.py,root,d709041f86e24f6a99f48ba27a0bddab
c4d0b4015292408ea9df08e4a088c38b,2,FINISHED,mlflow-artifacts:/2/c4d0b4015292408ea9df08e4a088c38b/artifacts,2026-08-17 11:29:27.451000+00:00,2026-08-17 11:29:39.267000+00:00,0.7561981017461038,0.38531458571016125,0.5123962034922077,0.15268627660662712,0.24342137938246466,,,,0.2577735301750771,7.638653405875196,6,7.195022670370428,,0.7577151350211669,,,,,,,,,,,,,,0.6722272739743629,,,,,,,,,,0.14263449862589775,,,,,,400,,,,,,,,,trial_48,NOTEBOOK,/usr/local/lib/python3.12/dist-packages/colab_kernel_launcher.py,root,d709041f86e24f6a99f48ba27a0bddab
5abeaa5d908140158a0c644e5de5a29e,2,FINISHED,mlflow-artifacts:/2/5abeaa5d908140158a0c644e5de5a29e/artifacts,2026-08-17 11:29:16.268000+00:00,2026-08-17 11:29:26.627000+00:00,0.760957087491111,0.38965323498924453,0.5219141749822219,0.19382420962226118,0.2470205683169824,,,,0.1436258619620557,1.407037157088019,5,3.2926531524485463,,0.8521757142561586,,,,,,,,,,,,,,0.704230787313676,,,,,,,,,,0.016892758103212745,,,,,,350,,,,,,,,,trial_47,NOTEBOOK,/usr/local/lib/python3.12/dist-packages/colab_kernel_launcher.py,root,d709041f86e24f6a99f48ba27a0bddab
5968351d6b6942faa3058f86b1930657,2,FINISHED,mlflow-artifacts:/2/5968351d6b6942faa3058f86b1930657/artifacts,2026-08-17 11:29:03.567000+00:00,2026-08-17 11:29:15.116000+00:00,0.7652410024187798,0.39856151738684314,0.5304820048375596,0.17970313805848384,0.252897780242709,,,,0.018644660997672532,2.6675976283061367,4,1.4003748649047714,,0.8300864028547901,,,,,,,,,,,,,,0.7395662140332822,,,,,,,,,,0.16814275196385559,,,,,,350,,,,,,,,,trial_46,NOTEBOOK,/usr/local/lib/python3.12/dist-packages/colab_kernel_launcher.py,root,d709041f86e24f6a99f48ba27a0bddab
03b51c1c69bf4a70bb5c27041c701302,2,FINISHED,mlflow-artifacts:/2/03b51c1c69bf4a70bb5c27041c701302/artifacts,2026-08-17 11:28:52.877000+00:00,2026-08-17 11:29:02.487000+00:00,0.7683689707590546,0.40134352471554585,0.5367379415181093,0.19111918857931773,0.2554346167773565,,,,0.03101594923970035,8.447254461576488,3,6.469146606317685,,0.6897655283276125,,,,,,,,,,,,,,0.7828782349955122,,,,,,,,,,0.06907070274038246,,,,,,450,,,,,,,,,trial_45,NOTEBOOK,/usr/local/lib/python3.12/dist-packages/colab_kernel_launcher.py,root,d709041f86e24f6a99f48ba27a0bddab
5fa32745123c4a75a1a2f429d7ab950e,2,FINISHED,mlflow-artifacts:/2/5fa32745123c4a75a1a2f429d7ab950e/artifacts,2026-08-17 11:28:41.272000+00:00,2026-08-17 11:28:51.838000+00:00,0.7686070541335298,0.4003622526331932,0.5372141082670596,0.18268943699451187,0.25654976969209525,,,,0.061465631466087994,5.318022503328757,4,0.7217762605693797,,0.7784358161647658,,,,,,,,,,,,,,0.7059601462154136,,,,,,,,,,0.08320072379241526,,,,,,500,,,,,,,,,trial_44,NOTEBOOK,/usr/local/lib/python3.12/dist-packages/colab_kernel_launcher.py,root,d709041f86e24f6a99f48ba27a0bddab
76879186e26e4a929c9f7ce55a437e54,2,FINISHED,mlflow-artifacts:/2/76879186e26e4a929c9f7ce55a437e54/artifacts,2026-08-17 11:28:29.004000+00:00,2026-08-17 11:28:39.607000+00:00,0.7685515854904083,0.40245911848837007,0.5371031709808166,0.18219546813070897,0.2570884147541015,,,,1.1441848838673663,4.384634224136271,5,1.8698344665525346,,0.829206298746912,,,,,,,,,,,,,,0.7450879294475508,,,,,,,,,,0.05259518678157765,,,,,,400,,,,,,,,,trial_43,NOTEBOOK,/usr/local/lib/python3.12/dist-packages/colab_kernel_launcher.py,root,d709041f86e24f6a99f48ba27a0bddab
513dfb09a06842c8a01152e3fa584d11,2,FINISHED,mlflow-artifacts:/2/513dfb09a06842c8a01152e3fa584d11/artifacts,2026-08-17 11:28:10.494000+00:00,2026-08-17 11:28:27.853000+00:00,0.7460132629437203,0.3652896547911619,0.4920265258874406,0.11826079984551281,0.23044276755431,,,,0.46601413142566156,6.750971396667367,8,5.183442611576769,,0.7989979870946106,,,,,,,,,,,,,,0.715957612374802,,,,,,,,,,0.11122761755767625,,,,,,450,,,,,,,,,trial_42,NOTEBOOK,/usr/local/lib/python3.12/dist-packages/colab_kernel_launcher.py,root,d709041f86e24f6a99f48ba27a0bddab
12948d69df944f1e9ac6f461b48f0219,2,FINISHED,mlflow-artifacts:/2/12948d69df944f1e9ac6f461b48f0219/artifacts,2026-08-17 11:27:59.692000+00:00,2026-08-17 11:28:09.630000+00:00,0.7691471507966,0.4020268966971052,0.5382943015932001,0.1858865097452934,0.25731325984028547,,,,0.08227545789680452,5.914434357191123,4,3.2709580592483114,,0.8236655038427165,,,,,,,,,,,,,,0.7094878373605616,,,,,,,,,,0.07443751565754622,,,,,,400,,,,,,,,,trial_41,NOTEBOOK,/usr/local/lib/python3.12/dist-packages/colab_kernel_launcher.py,root,d709041f86e24f6a99f48ba27a0bddab
75da71c183fd4d8e9fedd330b7dc58d2,2,FINISHED,mlflow-artifacts:/2/75da71c183fd4d8e9fedd330b7dc58d2/artifacts,2026-08-17 11:27:49.631000+00:00,2026-08-17 11:27:58.857000+00:00,0.7670319037761035,0.40114993815698446,0.534063807552207,0.1824291522679945,0.2546173912659427,,,,0.1469073280167425,4.408289833550426,4,1.4144870118966935,,0.7413769029146946,,,,,,,,,,,,,,0.6612953875745381,,,,,,,,,,0.13335437088837115,,,,,,350,,,,,,,,,trial_40,NOTEBOOK,/usr/local/lib/python3.12/dist-packages/colab_kernel_launcher.py,root,d709041f86e24f6a99f48ba27a0bddab
4c0fb353881b4d678ae2d8ca5d5ae957,2,FINISHED,mlflow-artifacts:/2/4c0fb353881b4d678ae2d8ca5d5ae957/artifacts,2026-08-17 11:27:41.954000+00:00,2026-08-17 11:27:48.920000+00:00,0.7618653285062842,0.39221170705324804,0.5237306570125685,0.19621428472080052,0.24755357830148428,,,,0.05373191153674461,3.74881287111957,3,5.495262778525447,,0.8467849475648982,,,,,,,,,,,,,,0.7418769612629832,,,,,,,,,,0.08743169027891055,,,,,,150,,,,,,,,,trial_39,NOTEBOOK,/usr/local/lib/python3.12/dist-packages/colab_kernel_launcher.py,root,d709041f86e24f6a99f48ba27a0bddab
cc5ee00a8491431caf0e831b5aeeb47a,2,FINISHED,mlflow-artifacts:/2/cc5ee00a8491431caf0e831b5aeeb47a/artifacts,2026-08-17 11:27:29.450000+00:00,2026-08-17 11:27:40.820000+00:00,0.759348130321848,0.3872782205660196,0.5186962606436961,0.166550291601202,0.24917532314847493,,,,0.2950615690817233,4.86476429744782,5,9.86778637106392,,0.7268708342947716,,,,,,,,,,,,,,0.8272446864164433,,,,,,,,,,0.16003318505446182,,,,,,400,,,,,,,,,trial_38,NOTEBOOK,/usr/local/lib/python3.12/dist-packages/colab_kernel_launcher.py,root,d709041f86e24f6a99f48ba27a0bddab
34a7e20f7edc4e3186b6a07e40ee4e00,2,FINISHED,mlflow-artifacts:/2/34a7e20f7edc4e3186b6a07e40ee4e00/artifacts,2026-08-17 11:27:19.382000+00:00,2026-08-17 11:27:28.274000+00:00,0.7688868151271593,0.40274731365699123,0.5377736302543186,0.19033484348589313,0.2560699002835565,,,,0.026899295494830937,2.2197591107238077,3,5.8753564476164755,,0.7911572753832694,,,,,,,,,,,,,,0.7876985684230235,,,,,,,,,,0.10175063696891778,,,,,,350,,,,,,,,,trial_37,NOTEBOOK,/usr/local/lib/python3.12/dist-packages/colab_kernel_launcher.py,root,d709041f86e24f6a99f48ba27a0bddab
4965a8afaa60438ea922f9aa600fa962,2,FINISHED,mlflow-artifacts:/2/4965a8afaa60438ea922f9aa600fa962/artifacts,2026-08-17 11:27:09.097000+00:00,2026-08-17 11:27:18.569000+00:00,0.768820945422095,0.40219762234084994,0.53764189084419,0.18809775878161308,0.25623060004723963,,,,0.05273589671494845,5.123763264944196,3,0.7524410400490533,,0.7276675131076373,,,,,,,,,,,,,,0.7457318791059361,,,,,,,,,,0.119162542719974,,,,,,450,,,,,,,,,trial_36,NOTEBOOK,/usr/local/lib/python3.12/dist-packages/colab_kernel_launcher.py,root,d709041f86e24f6a99f48ba27a0bddab
21a1d032d87f4d0eb211522da27395c8,2,FINISHED,mlflow-artifacts:/2/21a1d032d87f4d0eb211522da27395c8/artifacts,2026-08-17 11:26:58.598000+00:00,2026-08-17 11:27:07.847000+00:00,0.769381668306684,0.40378454562209304,0.5387633366133681,0.188972274797805,0.2564512654941709,,,,0.06671576828292991,4.903980089665959,3,5.165743510506547,,0.794726556022589,,,,,,,,,,,,,,0.746660598688999,,,,,,,,,,0.10971141839786061,,,,,,400,,,,,,,,,trial_35,NOTEBOOK,/usr/local/lib/python3.12/dist-packages/colab_kernel_launcher.py,root,d709041f86e24f6a99f48ba27a0bddab
68e24f967ed8438dbc3c7f724e98990a,2,FINISHED,mlflow-artifacts:/2/68e24f967ed8438dbc3c7f724e98990a/artifacts,2026-08-17 11:26:47.817000+00:00,2026-08-17 11:26:57.034000+00:00,0.766004440822098,0.39822095755706416,0.5320088816441959,0.18043718757988655,0.25479273786922796,,,,0.2222295135463944,3.5896913789951688,4,2.6847044704380485,,0.841170067590596,,,,,,,,,,,,,,0.8040476473267243,,,,,,,,,,0.15436603752776817,,,,,,350,,,,,,,,,trial_34,NOTEBOOK,/usr/local/lib/python3.12/dist-packages/colab_kernel_launcher.py,root,d709041f86e24f6a99f48ba27a0bddab
6d373ba910e944ea871b670ffc19608f,2,FINISHED,mlflow-artifacts:/2/6d373ba910e944ea871b670ffc19608f/artifacts,2026-08-17 11:26:35.552000+00:00,2026-08-17 11:26:46.975000+00:00,0.7690304453838207,0.40233377899233097,0.5380608907676415,0.18417508098591015,0.2568208342773514,,,,0.05436330991837858,3.5616624801148076,4,9.003565266083482,,0.8461334348635458,,,,,,,,,,,,,,0.7905007160525547,,,,,,,,,,0.10612647517843635,,,,,,350,,,,,,,,,trial_33,NOTEBOOK,/usr/local/lib/python3.12/dist-packages/colab_kernel_launcher.py,root,d709041f86e24f6a99f48ba27a0bddab
1a52e50a750546319a87e54c63361806,2,FINISHED,mlflow-artifacts:/2/1a52e50a750546319a87e54c63361806/artifacts,2026-08-17 11:26:24.088000+00:00,2026-08-17 11:26:34.602000+00:00,0.7692381620401499,0.40332721025222407,0.5384763240803,0.18291865264729698,0.25816836655451125,,,,0.15105365586577915,3.654917512009625,4,9.252352534412388,,0.8442928330237843,,,,,,,,,,,,,,0.7474159007276143,,,,,,,,,,0.10464066752338684,,,,,,400,,,,,,,,,trial_32,NOTEBOOK,/usr/local/lib/python3.12/dist-packages/colab_kernel_launcher.py,root,d709041f86e24f6a99f48ba27a0bddab
5a23fb373b4045eb90975036aa9b45b6,2,FINISHED,mlflow-artifacts:/2/5a23fb373b4045eb90975036aa9b45b6/artifacts,2026-08-17 11:26:12.587000+00:00,2026-08-17 11:26:23.118000+00:00,0.7684676800976692,0.4020281957904235,0.5369353601953385,0.1801066436916433,0.25650705974482374,,,,0.0880776903591159,4.411313889076355,5,3.9564345464678556,,0.908616028724832,,,,,,,,,,,,,,0.7192256325937323,,,,,,,,,,0.06329102556382073,,,,,,400,,,,,,,,,trial_31,NOTEBOOK,/usr/local/lib/python3.12/dist-packages/colab_kernel_launcher.py,root,d709041f86e24f6a99f48ba27a0bddab
9ae0997ad73642fd904088a5d61bcb42,2,FINISHED,mlflow-artifacts:/2/9ae0997ad73642fd904088a5d61bcb42/artifacts,2026-08-17 11:25:51.127000+00:00,2026-08-17 11:26:11.706000+00:00,0.7315335483880402,0.34519502906157323,0.4630670967760806,0.1083902310440162,0.21992193542987218,,,,0.005955930935308524,2.2817782063100953,9,0.2191951245905427,,0.8652744635574425,,,,,,,,,,,,,,0.7668175263191215,,,,,,,,,,0.08944011937570212,,,,,,450,,,,,,,,,trial_30,NOTEBOOK,/usr/local/lib/python3.12/dist-packages/colab_kernel_launcher.py,root,d709041f86e24f6a99f48ba27a0bddab
1a7db08674294904bf5ccb6fa0f58fb7,2,FINISHED,mlflow-artifacts:/2/1a7db08674294904bf5ccb6fa0f58fb7/artifacts,2026-08-17 11:25:39.996000+00:00,2026-08-17 11:25:50.163000+00:00,0.7620996830709901,0.3922102422950294,0.5241993661419804,0.16371050651459848,0.2501362973365087,,,,9.679786970988168,7.006801144938864,6,4.653057202833376,,0.9633237613881647,,,,,,,,,,,,,,0.8791777333058017,,,,,,,,,,0.12919466737150537,,,,,,300,,,,,,,,,trial_29,NOTEBOOK,/usr/local/lib/python3.12/dist-packages/colab_kernel_launcher.py,root,d709041f86e24f6a99f48ba27a0bddab
7f72aae2323743dc9fe8b90237a08796,2,FINISHED,mlflow-artifacts:/2/7f72aae2323743dc9fe8b90237a08796/artifacts,2026-08-17 11:25:31.440000+00:00,2026-08-17 11:25:39.141000+00:00,0.7644164824561965,0.3952261601851273,0.528832964912393,0.19423829124437395,0.250672831832879,,,,0.020220797420616287,5.7750100123954065,3,9.768338869625879,,0.9342240553259045,,,,,,,,,,,,,,0.8449710445289148,,,,,,,,,,0.07585963616697675,,,,,,250,,,,,,,,,trial_28,NOTEBOOK,/usr/local/lib/python3.12/dist-packages/colab_kernel_launcher.py,root,d709041f86e24f6a99f48ba27a0bddab
b7979f597bed4e4182e132c31c1745ba,2,FINISHED,mlflow-artifacts:/2/b7979f597bed4e4182e132c31c1745ba/artifacts,2026-08-17 11:25:21.210000+00:00,2026-08-17 11:25:30.306000+00:00,0.7658147033484086,0.39908052148710155,0.5316294066968174,0.18040447760164113,0.2543354636645967,,,,0.004157034522546033,3.445638775805234,4,1.4772793674336642,,0.8102298121244547,,,,,,,,,,,,,,0.9490862913910597,,,,,,,,,,0.1528450287656219,,,,,,350,,,,,,,,,trial_27,NOTEBOOK,/usr/local/lib/python3.12/dist-packages/colab_kernel_launcher.py,root,d709041f86e24f6a99f48ba27a0bddab
7f24abfae2a9434faacc16a321a167f2,2,FINISHED,mlflow-artifacts:/2/7f24abfae2a9434faacc16a321a167f2/artifacts,2026-08-17 11:25:12.067000+00:00,2026-08-17 11:25:20.131000+00:00,0.7667309253273334,0.39744154535016546,0.5334618506546669,0.19225894350110495,0.252854060720938,,,,0.004183587610714908,4.757431642552441,3,0.4920583147550849,,0.6835317432620228,,,,,,,,,,,,,,0.8524521784214457,,,,,,,,,,0.1051560650732148,,,,,,250,,,,,,,,,trial_26,NOTEBOOK,/usr/local/lib/python3.12/dist-packages/colab_kernel_launcher.py,root,d709041f86e24f6a99f48ba27a0bddab
9e818f790a9a47afa2b9a1415b469e03,2,FINISHED,mlflow-artifacts:/2/9e818f790a9a47afa2b9a1415b469e03/artifacts,2026-08-17 11:25:02.739000+00:00,2026-08-17 11:25:11.276000+00:00,0.765076142384841,0.3969617910094625,0.5301522847696819,0.18020526582003782,0.25272373480993887,,,,0.007280666665846865,2.263583796345433,4,3.5845813038319045,,0.8700470221951039,,,,,,,,,,,,,,0.7914540846239636,,,,,,,,,,0.18802011489492929,,,,,,300,,,,,,,,,trial_25,NOTEBOOK,/usr/local/lib/python3.12/dist-packages/colab_kernel_launcher.py,root,d709041f86e24f6a99f48ba27a0bddab
99c451d7bb5a452bbb87dd06a05cd9bd,2,FINISHED,mlflow-artifacts:/2/99c451d7bb5a452bbb87dd06a05cd9bd/artifacts,2026-08-17 11:24:52.850000+00:00,2026-08-17 11:25:01.888000+00:00,0.7688685233160628,0.40222014452894883,0.5377370466321255,0.18567806413054896,0.2563633686825929,,,,0.004836807313739515,3.427659282145123,4,9.019603969800544,,0.8840003054185634,,,,,,,,,,,,,,0.7684326646226127,,,,,,,,,,0.10490587779797209,,,,,,300,,,,,,,,,trial_24,NOTEBOOK,/usr/local/lib/python3.12/dist-packages/colab_kernel_launcher.py,root,d709041f86e24f6a99f48ba27a0bddab
8c800e60709a4f8b8f6e4abe135b08bd,2,FINISHED,mlflow-artifacts:/2/8c800e60709a4f8b8f6e4abe135b08bd/artifacts,2026-08-17 11:24:40.410000+00:00,2026-08-17 11:24:51.937000+00:00,0.7663529138684084,0.4000860454435394,0.5327058277368169,0.17559344235387672,0.2538323993503823,,,,0.028864761439501486,5.399826989820289,5,1.0743649214615978,,0.9962954281530124,,,,,,,,,,,,,,0.694043739876628,,,,,,,,,,0.07578904842030335,,,,,,500,,,,,,,,,trial_23,NOTEBOOK,/usr/local/lib/python3.12/dist-packages/colab_kernel_launcher.py,root,d709041f86e24f6a99f48ba27a0bddab
3726a07ab3fd4fff809ad618de93d6cc,2,FINISHED,mlflow-artifacts:/2/3726a07ab3fd4fff809ad618de93d6cc/artifacts,2026-08-17 11:24:29.924000+00:00,2026-08-17 11:24:39.543000+00:00,0.767759786407724,0.39978261558638706,0.535519572815448,0.18958349324082344,0.25487980852002495,,,,0.17443801850768714,4.14432367154412,4,6.49397278039374,,0.9390300974810364,,,,,,,,,,,,,,0.6445589682603465,,,,,,,,,,0.04836401835248628,,,,,,400,,,,,,,,,trial_22,NOTEBOOK,/usr/local/lib/python3.12/dist-packages/colab_kernel_launcher.py,root,d709041f86e24f6a99f48ba27a0bddab
3283cae0e5c94e8fa24811fb816193a1,2,FINISHED,mlflow-artifacts:/2/3283cae0e5c94e8fa24811fb816193a1/artifacts,2026-08-17 11:24:17.528000+00:00,2026-08-17 11:24:28.552000+00:00,0.7680173200060336,0.4004846594655644,0.5360346400120674,0.18033395940792787,0.2567908901236979,,,,0.03960459152332504,3.9953998213513824,5,1.9880782901560956,,0.8941055050142116,,,,,,,,,,,,,,0.7248849227964493,,,,,,,,,,0.06185169786496567,,,,,,400,,,,,,,,,trial_21,NOTEBOOK,/usr/local/lib/python3.12/dist-packages/colab_kernel_launcher.py,root,d709041f86e24f6a99f48ba27a0bddab
a92074fedbe7402fb937d1a404dea09d,2,FINISHED,mlflow-artifacts:/2/a92074fedbe7402fb937d1a404dea09d/artifacts,2026-08-17 11:24:08.251000+00:00,2026-08-17 11:24:16.710000+00:00,0.7683383912557528,0.40279630584886134,0.5366767825115055,0.1904952751363195,0.25496752215872576,,,,0.012257978191066651,7.428859980018961,3,2.2749364081182963,,0.8127290859756993,,,,,,,,,,,,,,0.7632870926234658,,,,,,,,,,0.12037295121885401,,,,,,300,,,,,,,,,trial_20,NOTEBOOK,/usr/local/lib/python3.12/dist-packages/colab_kernel_launcher.py,root,d709041f86e24f6a99f48ba27a0bddab
748fd98732a44615b1faad2aa1d3a663,2,FINISHED,mlflow-artifacts:/2/748fd98732a44615b1faad2aa1d3a663/artifacts,2026-08-17 11:23:55.558000+00:00,2026-08-17 11:24:06.486000+00:00,0.7684586578086231,0.4026499572795202,0.5369173156172462,0.1813162144974084,0.2562552107490917,,,,0.01445771410651402,6.197853765942153,4,0.3791544259658247,,0.9414222430576431,,,,,,,,,,,,,,0.8444269202880391,,,,,,,,,,0.09543819244421649,,,,,,500,,,,,,,,,trial_19,NOTEBOOK,/usr/local/lib/python3.12/dist-packages/colab_kernel_launcher.py,root,d709041f86e24f6a99f48ba27a0bddab
5dc9cbfb347e4e58bc4f5d70bb983b46,2,FINISHED,mlflow-artifacts:/2/5dc9cbfb347e4e58bc4f5d70bb983b46/artifacts,2026-08-17 11:23:44.136000+00:00,2026-08-17 11:23:54.303000+00:00,0.768924460397653,0.4022088448123478,0.5378489207953062,0.18352531074214085,0.2564255430763572,,,,0.015438078931317377,4.370735008099363,4,1.8620645703373349,,0.9420701489753203,,,,,,,,,,,,,,0.730226647576619,,,,,,,,,,0.09910969218889037,,,,,,400,,,,,,,,,trial_18,NOTEBOOK,/usr/local/lib/python3.12/dist-packages/colab_kernel_launcher.py,root,d709041f86e24f6a99f48ba27a0bddab
f8b3a39fcc984cdaacb66c8a416ac123,2,FINISHED,mlflow-artifacts:/2/f8b3a39fcc984cdaacb66c8a416ac123/artifacts,2026-08-17 11:23:33.323000+00:00,2026-08-17 11:23:43.373000+00:00,0.7640247733473703,0.394540237300306,0.5280495466947407,0.1945917530239366,0.2502177415346398,,,,0.1044870023580572,5.557593049660964,3,2.3347427304872226,,0.7710673250410527,,,,,,,,,,,,,,0.6432411853478316,,,,,,,,,,0.04233303615672881,,,,,,400,,,,,,,,,trial_17,NOTEBOOK,/usr/local/lib/python3.12/dist-packages/colab_kernel_launcher.py,root,d709041f86e24f6a99f48ba27a0bddab
97f2b363aa3c45b789d200a3e6229c75,2,FINISHED,mlflow-artifacts:/2/97f2b363aa3c45b789d200a3e6229c75/artifacts,2026-08-17 11:23:23.403000+00:00,2026-08-17 11:23:32.444000+00:00,0.7605187424860705,0.3929930768330148,0.521037484972141,0.1699533353750573,0.24788342572828073,,,,0.10221306998686655,6.447954644194673,5,3.785545901443226,,0.9985677416542217,,,,,,,,,,,,,,0.6119398312216852,,,,,,,,,,0.19002919925400863,,,,,,300,,,,,,,,,trial_16,NOTEBOOK,/usr/local/lib/python3.12/dist-packages/colab_kernel_launcher.py,root,d709041f86e24f6a99f48ba27a0bddab
2ff47d712c6b4ed49eaaa8721f9c0f8d,2,FINISHED,mlflow-artifacts:/2/2ff47d712c6b4ed49eaaa8721f9c0f8d/artifacts,2026-08-17 11:23:12.661000+00:00,2026-08-17 11:23:22.293000+00:00,0.768891156084869,0.40357941145462556,0.537782312169738,0.18648097870808758,0.25750548408487645,,,,0.08822773034889649,5.877729665188801,4,2.849197214014774,,0.9156380260278012,,,,,,,,,,,,,,0.6005879510684365,,,,,,,,,,0.07263459676650667,,,,,,400,,,,,,,,,trial_15,NOTEBOOK,/usr/local/lib/python3.12/dist-packages/colab_kernel_launcher.py,root,d709041f86e24f6a99f48ba27a0bddab
9c9b5427aabf4256bb9242c3b6f57dc0,2,FINISHED,mlflow-artifacts:/2/9c9b5427aabf4256bb9242c3b6f57dc0/artifacts,2026-08-17 11:23:00.714000+00:00,2026-08-17 11:23:11.907000+00:00,0.7648926757964999,0.39574647665132456,0.5297853515929998,0.17731413308233912,0.2524416947886236,,,,0.0025260106239720376,2.9722577345594616,4,0.21767322437838726,,0.7719760725219669,,,,,,,,,,,,,,0.6783359722111431,,,,,,,,,,0.12340476111757472,,,,,,550,,,,,,,,,trial_14,NOTEBOOK,/usr/local/lib/python3.12/dist-packages/colab_kernel_launcher.py,root,d709041f86e24f6a99f48ba27a0bddab
7906897de5e64928b1dfdb4de84cae47,2,FINISHED,mlflow-artifacts:/2/7906897de5e64928b1dfdb4de84cae47/artifacts,2026-08-17 11:22:50.166000+00:00,2026-08-17 11:22:59.216000+00:00,0.7683326631120622,0.4007337654258218,0.5366653262241244,0.18571544586550934,0.2560249447991932,,,,0.0011555708774424922,5.060279738739709,4,0.005429933757709284,,0.9190537694828324,,,,,,,,,,,,,,0.7680674753095548,,,,,,,,,,0.08984429333124763,,,,,,350,,,,,,,,,trial_13,NOTEBOOK,/usr/local/lib/python3.12/dist-packages/colab_kernel_launcher.py,root,d709041f86e24f6a99f48ba27a0bddab
679509b64aa84fc599854f677c515e68,2,FINISHED,mlflow-artifacts:/2/679509b64aa84fc599854f677c515e68/artifacts,2026-08-17 11:22:38.004000+00:00,2026-08-17 11:22:48.760000+00:00,0.7683421162585714,0.4021609849945697,0.5366842325171429,0.18493292959996085,0.256806287411889,,,,0.0015081948602065423,2.8683368386249235,4,0.014421701643489276,,0.9061572761352361,,,,,,,,,,,,,,0.68664967756422,,,,,,,,,,0.0763593697164014,,,,,,450,,,,,,,,,trial_12,NOTEBOOK,/usr/local/lib/python3.12/dist-packages/colab_kernel_launcher.py,root,d709041f86e24f6a99f48ba27a0bddab
75037045b6b04bf784fd43efe95b8313,2,FINISHED,mlflow-artifacts:/2/75037045b6b04bf784fd43efe95b8313/artifacts,2026-08-17 11:22:26.802000+00:00,2026-08-17 11:22:36.818000+00:00,0.7676396911124702,0.399557437786711,0.5352793822249404,0.19146096348925998,0.25455924533670493,,,,0.048912486990846174,1.3751807315149476,3,0.12035547910570685,,0.9602301614055403,,,,,,,,,,,,,,0.6835605549183261,,,,,,,,,,0.06256963907521182,,,,,,500,,,,,,,,,trial_11,NOTEBOOK,/usr/local/lib/python3.12/dist-packages/colab_kernel_launcher.py,root,d709041f86e24f6a99f48ba27a0bddab
87f43188215241bc99fa709d81f823ab,2,FINISHED,mlflow-artifacts:/2/87f43188215241bc99fa709d81f823ab/artifacts,2026-08-17 11:22:13.794000+00:00,2026-08-17 11:22:25.772000+00:00,0.7677696302884353,0.4012676134902131,0.5355392605768706,0.18458761148112834,0.25551830265242564,,,,0.013043021897581957,3.0577536309034667,3,0.0011618473483405519,,0.9700690778523163,,,,,,,,,,,,,,0.8072263362124237,,,,,,,,,,0.1461326604447167,,,,,,600,,,,,,,,,trial_10,NOTEBOOK,/usr/local/lib/python3.12/dist-packages/colab_kernel_launcher.py,root,d709041f86e24f6a99f48ba27a0bddab
2e547c84249644649e20c82b138c7164,2,FINISHED,mlflow-artifacts:/2/2e547c84249644649e20c82b138c7164/artifacts,2026-08-17 11:21:58.290000+00:00,2026-08-17 11:22:12.832000+00:00,0.7669983776284197,0.4007156261858123,0.5339967552568394,0.1738201110029662,0.255337475610356,,,,0.5362453711418478,8.907068147412264,7,0.010847102405932391,,0.8277945815486809,,,,,,,,,,,,,,0.7256200937650682,,,,,,,,,,0.024657705884268608,,,,,,450,,,,,,,,,trial_9,NOTEBOOK,/usr/local/lib/python3.12/dist-packages/colab_kernel_launcher.py,root,d709041f86e24f6a99f48ba27a0bddab
9b02aa8717774033bc1bf6b77ad3ac09,2,FINISHED,mlflow-artifacts:/2/9b02aa8717774033bc1bf6b77ad3ac09/artifacts,2026-08-17 11:21:46.733000+00:00,2026-08-17 11:21:57.060000+00:00,0.761905720373568,0.3913994852328931,0.523811440747136,0.18966804851565278,0.24797631510030138,,,,0.3611076659703709,3.974175771004618,6,1.0440894864106278,,0.6352995340915087,,,,,,,,,,,,,,0.6080473211875336,,,,,,,,,,0.021443236159933134,,,,,,250,,,,,,,,,trial_8,NOTEBOOK,/usr/local/lib/python3.12/dist-packages/colab_kernel_launcher.py,root,d709041f86e24f6a99f48ba27a0bddab
404967e490ac4540b99ef5864fa299d3,2,FINISHED,mlflow-artifacts:/2/404967e490ac4540b99ef5864fa299d3/artifacts,2026-08-17 11:21:37.867000+00:00,2026-08-17 11:21:45.837000+00:00,0.7655509430542681,0.3964024278689102,0.5311018861085359,0.18911455549777437,0.2536065169355573,,,,1.5673714623848798,9.464800016206341,5,1.0712454917637886,,0.6075470883212034,,,,,,,,,,,,,,0.8128334237076027,,,,,,,,,,0.05258981544426307,,,,,,200,,,,,,,,,trial_7,NOTEBOOK,/usr/local/lib/python3.12/dist-packages/colab_kernel_launcher.py,root,d709041f86e24f6a99f48ba27a0bddab
024d5d0833d24cdcbe96a999ffde6b0b,2,FINISHED,mlflow-artifacts:/2/024d5d0833d24cdcbe96a999ffde6b0b/artifacts,2026-08-17 11:21:24.541000+00:00,2026-08-17 11:21:36.880000+00:00,0.76812574055714,0.4012156598773986,0.5362514811142799,0.1781093371223843,0.25617052234120186,,,,4.79162709299871,1.8515250586645562,6,0.02553116368407474,,0.8841101424699884,,,,,,,,,,,,,,0.679045620642839,,,,,,,,,,0.03505676889314145,,,,,,450,,,,,,,,,trial_6,NOTEBOOK,/usr/local/lib/python3.12/dist-packages/colab_kernel_launcher.py,root,d709041f86e24f6a99f48ba27a0bddab
16d4829e55de4a0f8bef8fbc15977be4,2,FINISHED,mlflow-artifacts:/2/16d4829e55de4a0f8bef8fbc15977be4/artifacts,2026-08-17 11:21:13.661000+00:00,2026-08-17 11:21:23.656000+00:00,0.7672243744981504,0.3995844301352777,0.534448748996301,0.18768284318629588,0.25488396616479253,,,,0.7838079673452191,4.623228059579832,5,7.394460416836386,,0.6252301286597218,,,,,,,,,,,,,,0.9989357972810933,,,,,,,,,,0.03282648795127445,,,,,,350,,,,,,,,,trial_5,NOTEBOOK,/usr/local/lib/python3.12/dist-packages/colab_kernel_launcher.py,root,d709041f86e24f6a99f48ba27a0bddab
0afc7a9224914860a4a4dd55ba29eb90,2,FINISHED,mlflow-artifacts:/2/0afc7a9224914860a4a4dd55ba29eb90/artifacts,2026-08-17 11:21:00.245000+00:00,2026-08-17 11:21:12.857000+00:00,0.7623713196515732,0.39074848481931673,0.5247426393031466,0.1849277336445849,0.2486200907503453,,,,2.1910804619223,6.304787813047171,7,0.058454006006313106,,0.8586726595955448,,,,,,,,,,,,,,0.6397961249860548,,,,,,,,,,0.013596687154162524,,,,,,350,,,,,,,,,trial_4,NOTEBOOK,/usr/local/lib/python3.12/dist-packages/colab_kernel_launcher.py,root,d709041f86e24f6a99f48ba27a0bddab
dc105fa05c7c4d44b6b2e1dffd5fce6a,2,FINISHED,mlflow-artifacts:/2/dc105fa05c7c4d44b6b2e1dffd5fce6a/artifacts,2026-08-17 11:20:48.203000+00:00,2026-08-17 11:20:59.354000+00:00,0.7536470782667709,0.38010707469604127,0.5072941565335418,0.19407161837825782,0.23633058298136392,,,,4.365123519447021,8.046286167535317,8,0.0020415287233515127,,0.7501108159901984,,,,,,,,,,,,,,0.7420057529442515,,,,,,,,,,0.0113014088675113,,,,,,150,,,,,,,,,trial_3,NOTEBOOK,/usr/local/lib/python3.12/dist-packages/colab_kernel_launcher.py,root,d709041f86e24f6a99f48ba27a0bddab
1fffed9c7abd4298b2af0b10de0cd0ac,2,FINISHED,mlflow-artifacts:/2/1fffed9c7abd4298b2af0b10de0cd0ac/artifacts,2026-08-17 11:20:37.779000+00:00,2026-08-17 11:20:46.902000+00:00,0.7498500691176604,0.3733950201590051,0.4997001382353207,0.20007547378512633,0.23087022144121283,,,,0.6323087748548603,7.372392384036989,6,0.58265351783288,,0.8430688788423295,,,,,,,,,,,,,,0.9145245014972698,,,,,,,,,,0.011144898316048608,,,,,,200,,,,,,,,,trial_2,NOTEBOOK,/usr/local/lib/python3.12/dist-packages/colab_kernel_launcher.py,root,d709041f86e24f6a99f48ba27a0bddab
1fb8938e9bab4d4c9d06b01e6b58b058,2,FINISHED,mlflow-artifacts:/2/1fb8938e9bab4d4c9d06b01e6b58b058/artifacts,2026-08-17 11:20:26.119000+00:00,2026-08-17 11:20:36.811000+00:00,0.7687948843468209,0.4003285891414807,0.5375897686936416,0.18153382870803356,0.25711372489198936,,,,0.1625491371581699,3.9770499134893784,5,7.501942164543101,,0.9000977342038585,,,,,,,,,,,,,,0.6972588621763582,,,,,,,,,,0.057276352140339645,,,,,,400,,,,,,,,,trial_1,NOTEBOOK,/usr/local/lib/python3.12/dist-packages/colab_kernel_launcher.py,root,d709041f86e24f6a99f48ba27a0bddab
146f56062e5a416db15080192fa84fe7,2,FINISHED,mlflow-artifacts:/2/146f56062e5a416db15080192fa84fe7/artifacts,2026-08-17 11:20:11.130000+00:00,2026-08-17 11:20:25.384000+00:00,0.7601715959688479,0.38862767199991494,0.5203431919376956,0.1715113145725955,0.24478443757831933,,,,2.984192965183459,1.112618802892773,9,6.020466730275814,,0.6039503169754235,,,,,,,,,,,,,,0.8875591741637252,,,,,,,,,,0.018331046894550916,,,,,,200,,,,,,,,,trial_0,NOTEBOOK,/usr/local/lib/python3.12/dist-packages/colab_kernel_launcher.py,root,d709041f86e24f6a99f48ba27a0bddab
d709041f86e24f6a99f48ba27a0bddab,2,FINISHED,mlflow-artifacts:/2/d709041f86e24f6a99f48ba27a0bddab/artifacts,2026-08-17 11:20:10.920000+00:00,2026-08-17 11:29:54.859000+00:00,,,,,,0.769381668306684,,,,,,,,,,,,,,,,,,,,,,,,,,,,,,,,,,,,,,,5.165743510506547,0.06671576828292991,4.903980089665959,0.794726556022589,0.746660598688999,400,0.10971141839786061,3,optuna_search,NOTEBOOK,/usr/local/lib/python3.12/dist-packages/colab_kernel_launcher.py,root,
87d23c82876b4407a4f95d8c91bfa3ae,2,FINISHED,mlflow-artifacts:/2/87d23c82876b4407a4f95d8c91bfa3ae/artifacts,2026-08-17 11:19:54.439000+00:00,2026-08-17 11:20:09.968000+00:00,0.7664257591326429,0.3982766668943745,0.5328515182652855,0.18467523399828076,0.25366416877750153,,hist,,1.0,1.0,6,0.0,,0.8,,cuda,,,,,,,,,,,,0.8,,,,,,,,,,0.05,,,binary:logistic,,auc,200,,,,,,,,,baseline_cv,NOTEBOOK,/usr/local/lib/python3.12/dist-packages/colab_kernel_launcher.py,root,
